circuit,qubits,depth,max_bond,shots,simulator,version,threads,gate_seconds,sample_seconds,seconds,fidelity
random-1d,64,10,256,1000,qvd,0.1.0,8,0.045,0.011,0.057,1.0
random-1d,64,10,256,1000,qiskit-aer,0.17.2,8,,,0.253,
random-1d,64,10,256,1000,quimb,1.15.0,8,0.228,10.120,10.348,1.0
random-1d,64,20,256,1000,qvd,0.1.0,8,11.634,0.636,12.275,1.769e-5
random-1d,64,20,256,1000,qiskit-aer,0.17.2,8,,,114.175,
random-1d,64,20,256,1000,quimb,1.15.0,8,14.360,17.541,31.902,1.769e-5
random-1d,100,16,128,1000,qvd,0.1.0,8,3.246,0.311,3.560,7.597e-7
random-1d,100,16,128,1000,qiskit-aer,0.17.2,8,,,17.994,
random-1d,100,16,128,1000,quimb,1.15.0,8,4.138,21.379,25.516,7.597e-7
random-grid-8x8,64,10,64,1000,qvd,0.1.0,8,5.436,0.052,5.489,2.368e-15
random-grid-8x8,64,10,64,1000,qiskit-aer,0.17.2,8,,,10.208,
random-grid-8x8,64,10,64,1000,quimb,1.15.0,8,5.842,12.512,18.354,1.195e-16
qft,100,,256,1000,qvd,0.1.0,8,0.076,0.001,0.078,1.0
qft,100,,256,1000,qiskit-aer,0.17.2,8,,,0.109,
qft,100,,256,1000,quimb,1.15.0,8,3.148,18.527,21.675,1.0
