circuit,qubits,depth,precision,simulator,version,seconds
random,26,20,single,qvd,0.1.0,0.43
random,26,20,single,qsim,0.22.1,1.84
random,26,20,single,qiskit-aer,0.17.2,5.51
random,28,20,single,qvd,0.1.0,2.09
random,28,20,single,qsim,0.22.1,7.63
random,28,20,single,qiskit-aer,0.17.2,23.0
random,30,20,single,qvd,0.1.0,9.75
random,30,20,single,qsim,0.22.1,30.4
random,30,20,single,qiskit-aer,0.17.2,89.8
random,26,20,double,qvd,0.1.0,0.91
random,26,20,double,qiskit-aer,0.17.2,8.52
random,28,20,double,qvd,0.1.0,4.26
random,28,20,double,qiskit-aer,0.17.2,34.5
random,29,20,double,qvd,0.1.0,9.60
random,29,20,double,qiskit-aer,0.17.2,68.7
qft,26,,single,qvd,0.1.0,0.18
qft,26,,single,qsim,0.22.1,9.75
qft,26,,single,qiskit-aer,0.17.2,3.18
qft,28,,single,qvd,0.1.0,0.98
qft,28,,single,qsim,0.22.1,43.2
qft,28,,single,qiskit-aer,0.17.2,12.1
qft,30,,single,qvd,0.1.0,4.44
qft,30,,single,qsim,0.22.1,192
qft,30,,single,qiskit-aer,0.17.2,45.7
